nivel,ciclo,centro,via_a,via_a1,via_a2
Grado Medio,,"14,7 14,42 7",,,
Grado Medio,,CP IFP ESCUELA DE LA VID,11.25,,
Grado Medio,,IES BARAJAS,12.0,,
Grado Medio,,IES GASPAR MELCHOR DE JOVELLANOS,7.0,,
Grado Medio,,IES ICARO,7.7,,
Grado Medio,,IES LUIS BUÑUEL,7.0,,
Grado Medio,,IES LUIS VIVES,7.0,,
Grado Medio,,IES NARCIS MONTURIOL,7.29,,
Grado Medio,,IES REY FERNANDO VI,12.9,,
Grado Medio,,IES SANTA ENGRACIA,8.16,,
Grado Medio,1º de C.F.G.M. (Atención a personas en situación de,CPR INF-PRI-SEC ARCADIA,12.48,,
Grado Medio,1º de C.F.G.M. (Atención a personas en situación de,CPR INF-PRI-SEC SAN IGNACIO DE LOYOLA,15.0,,
Grado Medio,1º de C.F.G.M. (Atención a personas en situación de,IES SAPERE AUDE,13.18,,
Grado Medio,Aceites de oliva y vinos,CP IFP ESCUELA DE LA VID,7.0,,
Grado Medio,Aceites de oliva y vinos,CP IFP ESCUELA DE LA VID,,,
Grado Medio,Aceites de oliva y vinos,CPR FPE JUAN XXIII,15.8,,
Grado Medio,Aceites de oliva y vinos,CPR INF-PRI-SEC GSD GUADARRAMA,15.26,,
Grado Medio,Aceites de oliva y vinos,CPR PRI-SEC GSD INTERNATIONAL SCHOOL BUITRAGO,15.42,,
Grado Medio,Aceites de oliva y vinos,IES ALONSO DE AVELLANEDA,15.95,,
Grado Medio,Aceites de oliva y vinos,IES ANGEL CORELLA,12.44,,
Grado Medio,Aceites de oliva y vinos,IES ARQUITECTO VENTURA RODRIGUEZ,15.37,,
Grado Medio,Aceites de oliva y vinos,IES EL ALAMO,14.89,,
Grado Medio,Aceites de oliva y vinos,IES INFANTA ELENA,15.42,,
Grado Medio,Aceites de oliva y vinos,IES JULIO CARO BAROJA,16.58,,
Grado Medio,Aceites de oliva y vinos,IES LAGUNA DE JOATZEL,16.05,,
Grado Medio,Aceites de oliva y vinos,IES LUIS BRAILLE,15.89,,
Grado Medio,Aceites de oliva y vinos,IES LUIS VIVES,15.95,,
Grado Medio,Aceites de oliva y vinos,IES VIRGEN DE LA PAZ,15.5,,
Grado Medio,Actividades comerciales,CP IFP FEDERICA MONTSENY,14.53,,
Grado Medio,Actividades comerciales,CP IFP FEDERICA MONTSENY,12.81,,
Grado Medio,Actividades comerciales,CPR FPE ARZOBISPO MORCILLO,16.0,,
Grado Medio,Actividades comerciales,CPR FPE CENTRO DE ESTUDIOS PROFESIONALES (C.E.P.),7.95,,
Grado Medio,Actividades comerciales,IES ALONSO DE AVELLANEDA,13.0,,
Grado Medio,Actividades comerciales,IES ARQUITECTO VENTURA RODRIGUEZ,12.24,,
Grado Medio,Actividades comerciales,IES CLARA DEL REY,,,
Grado Medio,Actividades comerciales,IES DIEGO VELAZQUEZ,12.42,,
Grado Medio,Actividades comerciales,IES EDUARDO CAPA,11.89,,
Grado Medio,Actividades comerciales,IES EL CAÑAVERAL,15.92,,
Grado Medio,Actividades comerciales,IES EL CAÑAVERAL,10.05,,
Grado Medio,Actividades comerciales,IES ENRIQUE TIERNO GALVAN,12.67,,
Grado Medio,Actividades comerciales,IES GREGORIO MARAÑON,7.19,,
Grado Medio,Actividades comerciales,IES ICARO,12.76,,
Grado Medio,Actividades comerciales,IES JAIME FERRAN,12.95,,
Grado Medio,Actividades comerciales,IES JULIO PALACIOS,15.68,,
Grado Medio,Actividades comerciales,IES LUIS BRAILLE,15.63,,
Grado Medio,Actividades comerciales,IES LUIS BUÑUEL,16.74,,
Grado Medio,Actividades comerciales,IES LUIS BUÑUEL,12.06,,
Grado Medio,Actividades comerciales,IES MARIA DE ZAYAS Y SOTOMAYOR,12.0,,
Grado Medio,Actividades comerciales,IES MIGUEL DE CERVANTES,12.0,,
Grado Medio,Actividades comerciales,IES PABLO NERUDA,16.37,,
Grado Medio,Actividades comerciales,IES PABLO NERUDA,10.03,,
Grado Medio,Actividades comerciales,IES PIO BAROJA,16.68,,
Grado Medio,Actividades comerciales,IES VALLE INCLAN,15.42,,
Grado Medio,Actividades comerciales,IES VIRGEN DE LA PAZ,14.57,,
Grado Medio,Actividades comerciales,IES VIRGEN DE LA PAZ,12.7,,
Grado Medio,Alcalá de Henares,"11,75",,,
Grado Medio,Alcalá de Henares,"12 9,67",,,
Grado Medio,Alcalá de Henares,"12,82 16,08",,,
Grado Medio,Alcalá de Henares,"13,53 11,65",,,
Grado Medio,Alcalá de Henares,"15,16 15,64 12,67",,,
Grado Medio,Alcalá de Henares,"16,16 12,68 16,25",,,
Grado Medio,Alcobendas,12 12,,,
Grado Medio,Alcorcón,"13,7 14 17,46",,,
Grado Medio,Alcorcón,14,,,
Grado Medio,Alcorcón,15 16 13,,,
Grado Medio,Alcorcón,7 7,,,
Grado Medio,Alcorcón,"7,51 8,28",,,
Grado Medio,Alcorcón,"8 10,89",,,
Grado Medio,Algete,"7,65 10,39 7",,,
Grado Medio,Aprovechamiento y conservación del medio natural,CP IFP ESCUELA DE LA VID,15.16,,
Grado Medio,Aprovechamiento y conservación del medio natural,CPR PRI-SEC GSD INTERNATIONAL SCHOOL BUITRAGO,12.5,,
Grado Medio,Aranjuez,"12,58",,,
Grado Medio,Aranjuez,"16 16,02 12,84",,,
Grado Medio,Arganda del Rey,12 13,,,
Grado Medio,Arganda del Rey,"14,75 12,6 13,89",,,
Grado Medio,Arganda del Rey,"15,84 13,72 16",,,
Grado Medio,Atención a personas en situación de dependencia,CP IFP BARRIO DE BILBAO,,,
Grado Medio,Atención a personas en situación de dependencia,CP IFP BARRIO DE BILBAO,9.0,,
Grado Medio,Atención a personas en situación de dependencia,CPR FPE SAN JUAN DE DIOS,10.67,,
Grado Medio,Atención a personas en situación de dependencia,IES ALONSO DE AVELLANEDA,11.58,,
Grado Medio,Atención a personas en situación de dependencia,IES FELIPE TRIGO,10.36,,
Grado Medio,Atención a personas en situación de dependencia,IES JULIO VERNE,12.62,,
Grado Medio,Atención a personas en situación de dependencia,IES LUIS BUÑUEL,9.0,,
Grado Medio,Buitrago del Lozoya,"11,22",,,
Grado Medio,Carpint y mueble e inst y amueblamiento,IES LEON FELIPE,12.52,,
Grado Medio,Carrocería,CP IFP PROFESOR RAUL VAZQUEZ,12.1,,
Grado Medio,Carrocería,CPR FPE ARZOBISPO MORCILLO,14.74,,
Grado Medio,Carrocería,CPR FPE ARZOBISPO MORCILLO,15.0,,
Grado Medio,Carrocería,CPR PRI-SEC GSD INTERNATIONAL SCHOOL BUITRAGO,12.48,,
Grado Medio,Carrocería,IES ALARNES,13.89,,
Grado Medio,Carrocería,IES ALARNES,15.76,,
Grado Medio,Carrocería,IES BARAJAS,12.58,,
Grado Medio,Carrocería,IES FELIPE TRIGO,15.45,,
Grado Medio,Carrocería,IES FELIPE TRIGO,9.0,,
Grado Medio,Carrocería,IES FELIPE TRIGO,16.08,,
Grado Medio,Carrocería,IES GASPAR MELCHOR DE JOVELLANOS,12.6,,
Grado Medio,Carrocería,IES GASPAR MELCHOR DE JOVELLANOS,16.32,,
Grado Medio,Carrocería,IES HUMANEJOS,14.16,,
Grado Medio,Carrocería,IES HUMANEJOS,16.0,,
Grado Medio,Carrocería,IES ISAAC PERAL,12.5,,
Grado Medio,Carrocería,IES ISAAC PERAL,16.05,,
Grado Medio,Carrocería,IES LA POVEDA,14.12,,
Grado Medio,Carrocería,IES LAZARO CARDENAS,14.0,,
Grado Medio,Carrocería,IES LAZARO CARDENAS,16.0,,
Grado Medio,Carrocería,IES LUIS VIVES,14.16,,
Grado Medio,Carrocería,IES LUIS VIVES,16.18,,
Grado Medio,Carrocería,IES MATEO ALEMAN,14.74,,
Grado Medio,Carrocería,IES MATEO ALEMAN,14.95,,
Grado Medio,Carrocería,IES NUESTRA SEÑORA DE LA VICTORIA DE LEPANTO,11.31,,
Grado Medio,Carrocería,IES SAN FERNANDO,16.0,,
Grado Medio,Carrocería,IES VIRGEN DE LA PALOMA,10.39,,
Grado Medio,Carrocería,IES VIRGEN DE LA PAZ,7.6,,
Grado Medio,Carrocería,IES VIRGEN DE LA PAZ,16.33,,
Grado Medio,Ciempozuelos,"13,15 13,73 13,94",,,
Grado Medio,Cocina y gastronomía,CP IFP ESCUELA DE HOSTELERIA Y TURISMO SIMONE ORTEGA,17.11,,
Grado Medio,Cocina y gastronomía,CP IFP ESCUELA DE HOSTELERIA Y TURISMO SIMONE ORTEGA,14.32,,
Grado Medio,Cocina y gastronomía,CPR INF-PRI-SEC CIUDAD EDUCATIVA MUNICIPAL HIPATIA,14.39,,
Grado Medio,Cocina y gastronomía,CPR INF-PRI-SEC COLEGIO NOBELIS,7.3,,
Grado Medio,Cocina y gastronomía,CPR INF-PRI-SEC FUENLLANA,7.48,,
Grado Medio,Cocina y gastronomía,CPR PRI-SEC GSD INTERNATIONAL SCHOOL BUITRAGO,11.0,,
Grado Medio,Cocina y gastronomía,IES ALPAJES,13.5,,
Grado Medio,Cocina y gastronomía,IES ESCUELA DE HOSTELERIA Y TURISMO,16.26,,
Grado Medio,Cocina y gastronomía,IES ESCUELA DE HOSTELERIA Y TURISMO,11.75,,
Grado Medio,Cocina y gastronomía,IES ESCUELA SUPERIOR DE HOSTELERIA Y TURISMO,15.84,,
Grado Medio,Cocina y gastronomía,IES ESCUELA SUPERIOR DE HOSTELERIA Y TURISMO,12.1,,
Grado Medio,Cocina y gastronomía,IES ESCUELA SUPERIOR DE HOSTELERIA Y TURISMO,15.21,,
Grado Medio,Cocina y gastronomía,IES MARIA DE ZAYAS Y SOTOMAYOR,15.58,,
Grado Medio,Cocina y gastronomía,IES MARIA DE ZAYAS Y SOTOMAYOR,8.72,,
Grado Medio,Cocina y gastronomía,IES PEDRO DE TOLOSA,10.0,,
Grado Medio,Collado Villalba,"12,83 14,52",,,
Grado Medio,Colmenar Viejo,"12,25",,,
Grado Medio,Colmenar Viejo,7 7,,,
Grado Medio,Comercialización de productos alimentarios,CP IFP ESCUELA DE HOSTELERIA Y TURISMO SIMONE ORTEGA,,,
Grado Medio,Comercialización de productos alimentarios,IES ESCUELA SUPERIOR DE HOSTELERIA Y TURISMO,9.45,,
Grado Medio,Comercialización de productos alimentarios,IES MARIA DE ZAYAS Y SOTOMAYOR,,,
Grado Medio,Confección y moda,CPR INF-PRI-SEC FUENLLANA,14.32,,
Grado Medio,Confección y moda,IES SANTA ENGRACIA,16.19,,
Grado Medio,Confección y moda,IES SANTA ENGRACIA,12.7,,
Grado Medio,Coslada,12,,,
Grado Medio,Cuidados Auxiliares de Enfermería,CPR FPE EFA VALDEMILANOS,15.41,,
Grado Medio,Cuidados Auxiliares de Enfermería,CPR INF-PRI-SEC VIRGEN DE LA ALMUDENA,13.17,,
Grado Medio,Cuidados Auxiliares de Enfermería,IES AL-SATT,12.73,,
Grado Medio,Cuidados Auxiliares de Enfermería,IES ANTONIO MACHADO,16.0,,
Grado Medio,Cuidados Auxiliares de Enfermería,IES GONZALO ANES,7.0,,
Grado Medio,Cuidados Auxiliares de Enfermería,IES GREGORIO PECES-BARBA,10.0,,
Grado Medio,Cuidados Auxiliares de Enfermería,IES HUMANES,15.21,,
Grado Medio,Cuidados Auxiliares de Enfermería,IES ICARO,15.63,,
Grado Medio,Cuidados Auxiliares de Enfermería,IES PRADO DE SANTO DOMINGO,8.33,,
Grado Medio,Cuidados Auxiliares de Enfermería,IES PRADO DE SANTO DOMINGO,16.11,,
Grado Medio,Cuidados Auxiliares de Enfermería,IES SALVADOR ALLENDE,16.21,,
Grado Medio,Cuidados Auxiliares de Enfermería,IES SANTIAGO RUSIÑOL,14.33,,
Grado Medio,Cuidados Auxiliares de Enfermería,IES SIGLO XXI,13.67,,
Grado Medio,Electromecánica de maquinaria,CP IFP PROFESOR RAUL VAZQUEZ,10.79,,
Grado Medio,Electromecánica de maquinaria,IES HUMANEJOS,11.0,,
Grado Medio,Electromecánica de maquinaria,IES ISAAC PERAL,15.0,,
Grado Medio,Electromecánica de vehículos automóviles,IES ALARNES,13.17,,
Grado Medio,Electromecánica de vehículos automóviles,IES BARAJAS,12.76,,
Grado Medio,Electromecánica de vehículos automóviles,IES FELIPE TRIGO,15.25,,
Grado Medio,Electromecánica de vehículos automóviles,IES GASPAR MELCHOR DE JOVELLANOS,11.05,,
Grado Medio,Electromecánica de vehículos automóviles,IES HUMANEJOS,7.39,,
Grado Medio,Electromecánica de vehículos automóviles,IES LAZARO CARDENAS,14.89,,
Grado Medio,Electromecánica de vehículos automóviles,IES LUIS VIVES,8.83,,
Grado Medio,Electromecánica de vehículos automóviles,IES MATEO ALEMAN,13.64,,
Grado Medio,Electromecánica de vehículos automóviles,IES PRADO DE SANTO DOMINGO,14.64,,
Grado Medio,Electromecánica de vehículos automóviles,IES PRADO DE SANTO DOMINGO,15.79,,
Grado Medio,Electromecánica de vehículos automóviles,IES VIRGEN DE LA PAZ,12.0,,
Grado Medio,Emergencias sanitarias,CPR FPE CENTRO DE FORMACION EN PROFESIONES BIOSANI,15.0,,
Grado Medio,Emergencias sanitarias,CPR FPE EFA VALDEMILANOS,9.53,,
Grado Medio,Emergencias sanitarias,CPR INF-PRI-SEC COLEGIO VALLE DEL MIRO,12.5,,
Grado Medio,Emergencias sanitarias,CPR INF-PRI-SEC LEONARDO DA VINCI,13.0,,
Grado Medio,Emergencias sanitarias,IES AL-SATT,13.75,,
Grado Medio,Emergencias sanitarias,IES ALARNES,16.63,,
Grado Medio,Emergencias sanitarias,IES ALONSO DE AVELLANEDA,16.16,,
Grado Medio,Emergencias sanitarias,IES BENJAMIN RUA,15.91,,
Grado Medio,Emergencias sanitarias,IES EL ALAMO,9.91,,
Grado Medio,Emergencias sanitarias,IES FELIPE TRIGO,16.37,,
Grado Medio,Emergencias sanitarias,IES GONZALO ANES,13.65,,
Grado Medio,Emergencias sanitarias,IES HUMANEJOS,15.58,,
Grado Medio,Emergencias sanitarias,IES HUMANES,11.42,,
Grado Medio,Emergencias sanitarias,IES JIMENA MENENDEZ PIDAL,16.05,,
Grado Medio,Emergencias sanitarias,IES JOSE LUIS LOPEZ ARANGUREN,16.11,,
Grado Medio,Emergencias sanitarias,IES JUAN DE HERRERA,12.33,,
Grado Medio,Emergencias sanitarias,IES LA POVEDA,14.17,,
Grado Medio,Emergencias sanitarias,IES LA POVEDA,14.44,,
Grado Medio,Emergencias sanitarias,IES LUIS BRAILLE,15.0,,
Grado Medio,Emergencias sanitarias,IES LUIS BUÑUEL,16.26,,
Grado Medio,Emergencias sanitarias,IES PIO BAROJA,15.33,,
Grado Medio,Emergencias sanitarias,IES RENACIMIENTO,15.42,,
Grado Medio,Emergencias sanitarias,IES SAN FERNANDO,15.37,,
Grado Medio,Emergencias sanitarias,IES SAN JUAN DE LA CRUZ,13.64,,
Grado Medio,Emergencias sanitarias,IES SAN JUAN DE LA CRUZ,7.69,,
Grado Medio,"Escorial, El","9,46",,,
Grado Medio,Estética y belleza,CPR FPE LA MILAGROSA,11.47,,
Grado Medio,Estética y belleza,CPR INF-PRI-SEC LOYOLA,8.0,,
Grado Medio,Estética y belleza,CPR INF-PRI-SEC LOYOLA,15.95,,
Grado Medio,Estética y belleza,CPR PRI-SEC GSD INTERNATIONAL SCHOOL BUITRAGO,13.0,,
Grado Medio,Estética y belleza,IES AGORA,16.11,,
Grado Medio,Estética y belleza,IES AGORA,12.13,,
Grado Medio,Estética y belleza,IES AGORA,14.0,,
Grado Medio,Estética y belleza,IES GASPAR MELCHOR DE JOVELLANOS,15.91,,
Grado Medio,Estética y belleza,IES GASPAR MELCHOR DE JOVELLANOS,11.9,,
Grado Medio,Estética y belleza,IES ICARO,15.86,,
Grado Medio,Estética y belleza,IES ICARO,8.22,,
Grado Medio,Estética y belleza,IES LA ARBOLEDA,14.53,,
Grado Medio,Estética y belleza,IES LA ARBOLEDA,7.89,,
Grado Medio,Estética y belleza,IES LAS CANTERAS,12.0,,
Grado Medio,Estética y belleza,IES LUIS BUÑUEL,13.16,,
Grado Medio,Estética y belleza,IES MATEO ALEMAN,15.32,,
Grado Medio,Estética y belleza,IES MATEO ALEMAN,7.44,,
Grado Medio,Estética y belleza,IES REY FERNANDO VI,12.25,,
Grado Medio,Estética y belleza,IES SANTA ENGRACIA,16.0,,
Grado Medio,Estética y belleza,IES SANTA ENGRACIA,12.0,,
Grado Medio,Farmacia y Parafarmacia,CPR FPE EFA VALDEMILANOS,8.0,,
Grado Medio,Farmacia y Parafarmacia,CPR INF-PRI-SEC COLEGIO VALLE DEL MIRO,12.0,,
Grado Medio,Farmacia y Parafarmacia,CPR INF-PRI-SEC TRES OLIVOS,11.67,,
Grado Medio,Farmacia y Parafarmacia,IES ANTONIO MACHADO,7.0,,
Grado Medio,Farmacia y Parafarmacia,IES BENJAMIN RUA,15.82,,
Grado Medio,Farmacia y Parafarmacia,IES BENJAMIN RUA,10.0,,
Grado Medio,Farmacia y Parafarmacia,IES JAIME FERRAN CLUA,14.13,,
Grado Medio,Farmacia y Parafarmacia,IES JAIME FERRAN CLUA,7.26,,
Grado Medio,Farmacia y Parafarmacia,IES JUAN DE MAIRENA,15.0,,
Grado Medio,Farmacia y Parafarmacia,IES JUAN DE MAIRENA,12.55,,
Grado Medio,Farmacia y Parafarmacia,IES LAS MUSAS,12.0,,
Grado Medio,Farmacia y Parafarmacia,IES PRADO DE SANTO DOMINGO,7.0,,
Grado Medio,Farmacia y Parafarmacia,IES SALVADOR ALLENDE,7.08,,
Grado Medio,Farmacia y Parafarmacia,IES SAN JUAN DE LA CRUZ,15.5,,
Grado Medio,Farmacia y Parafarmacia,IES SAN JUAN DE LA CRUZ,11.0,,
Grado Medio,Farmacia y Parafarmacia,IES SIGLO XXI,11.75,,
Grado Medio,Fuenlabrada,"12,5 14,14 9,8",,,
Grado Medio,Fuenlabrada,"12,64 13,93 15",,,
Grado Medio,Fuenlabrada,"7,72 12,02 13,1",,,
Grado Medio,Fuenlabrada,"8,73 11,44",,,
Grado Medio,Fuenlabrada,"9,28 8,14",,,
Grado Medio,Galapagar,"10,59 13,7",,,
Grado Medio,Getafe,"12,58 12",,,
Grado Medio,Griñón,"15,21 10,41",,,
Grado Medio,Guía en el medio natural y de tiempo libre,CPR ES SANTA BARBARA,7.27,,
Grado Medio,Guía en el medio natural y de tiempo libre,CPR INF-PRI-SEC COLEGIO AQUILA,15.37,,
Grado Medio,Guía en el medio natural y de tiempo libre,CPR INF-PRI-SEC COLEGIO ARULA,15.0,,
Grado Medio,Guía en el medio natural y de tiempo libre,CPR INF-PRI-SEC COLEGIO NOVA HISPALIS,15.37,,
Grado Medio,Guía en el medio natural y de tiempo libre,CPR INF-PRI-SEC COLEGIO NOVA HISPALIS,14.47,,
Grado Medio,Guía en el medio natural y de tiempo libre,CPR INF-PRI-SEC COLEGIO VALLE DEL MIRO,15.42,,
Grado Medio,Guía en el medio natural y de tiempo libre,CPR INF-PRI-SEC EL PILAR,15.74,,
Grado Medio,Guía en el medio natural y de tiempo libre,CPR INF-PRI-SEC EL PILAR,12.2,,
Grado Medio,Guía en el medio natural y de tiempo libre,CPR INF-PRI-SEC GSD GUADARRAMA,10.82,,
Grado Medio,Guía en el medio natural y de tiempo libre,CPR INF-PRI-SEC LOYOLA,16.0,,
Grado Medio,Guía en el medio natural y de tiempo libre,CPR INF-PRI-SEC SAN IGNACIO DE LOYOLA,7.7,,
Grado Medio,Guía en el medio natural y de tiempo libre,CPR INF-PRI-SEC SANTA MARIA,15.42,,
Grado Medio,Guía en el medio natural y de tiempo libre,CPR PRI-SEC GSD INTERNATIONAL SCHOOL BUITRAGO,12.0,,
Grado Medio,Guía en el medio natural y de tiempo libre,IES ALARNES,14.25,,
Grado Medio,Guía en el medio natural y de tiempo libre,IES ALFONSO MORENO,12.0,,
Grado Medio,Guía en el medio natural y de tiempo libre,IES ALONSO DE AVELLANEDA,15.0,,
Grado Medio,Guía en el medio natural y de tiempo libre,IES ANGEL CORELLA,14.11,,
Grado Medio,Guía en el medio natural y de tiempo libre,IES ANTONIO MACHADO,9.02,,
Grado Medio,Guía en el medio natural y de tiempo libre,IES DE GUADARRAMA,14.68,,
Grado Medio,Guía en el medio natural y de tiempo libre,IES DOMENICO SCARLATTI,15.53,,
Grado Medio,Guía en el medio natural y de tiempo libre,IES FELIPE TRIGO,12.67,,
Grado Medio,Guía en el medio natural y de tiempo libre,IES GASPAR MELCHOR DE JOVELLANOS,15.63,,
Grado Medio,Guía en el medio natural y de tiempo libre,IES INFANTA ELENA,15.63,,
Grado Medio,Guía en el medio natural y de tiempo libre,IES JOSE LUIS LOPEZ ARANGUREN,15.37,,
Grado Medio,Guía en el medio natural y de tiempo libre,IES JOSEFINA ALDECOA,16.0,,
Grado Medio,Guía en el medio natural y de tiempo libre,IES JUAN CARLOS I,12.11,,
Grado Medio,Guía en el medio natural y de tiempo libre,IES LA DEHESILLA,14.58,,
Grado Medio,Guía en el medio natural y de tiempo libre,IES LA POVEDA,15.67,,
Grado Medio,Guía en el medio natural y de tiempo libre,IES LAZARO CARDENAS,15.89,,
Grado Medio,Guía en el medio natural y de tiempo libre,IES LEON FELIPE,14.84,,
Grado Medio,Guía en el medio natural y de tiempo libre,IES LOS CASTILLOS,16.55,,
Grado Medio,Guía en el medio natural y de tiempo libre,IES LUIS BRAILLE,15.95,,
Grado Medio,Guía en el medio natural y de tiempo libre,IES LUIS VIVES,15.26,,
Grado Medio,Guía en el medio natural y de tiempo libre,IES PINTOR ANTONIO LOPEZ,15.58,,
Grado Medio,Guía en el medio natural y de tiempo libre,IES SALVADOR DALI,14.84,,
Grado Medio,Guía en el medio natural y de tiempo libre,IES SAN AGUSTIN DE GUADALIX,15.42,,
Grado Medio,Guía en el medio natural y de tiempo libre,IES SOR JUANA DE LA CRUZ,7.0,,
Grado Medio,Guía en el medio natural y de tiempo libre,IES VIRGEN DE LA PALOMA,13.0,,
Grado Medio,Guía en el medio natural y de tiempo libre,IES VIRGEN DE LA PAZ,9.38,,
Grado Medio,Humanes de Madrid,"7,25 14,46",,,
Grado Medio,Impresión gráfica,IES ISLAS FILIPINAS,8.43,,
Grado Medio,Inst. de prod.de calor e inst. frigor. y climat.,IES ANTONIO MACHADO,15.68,,
Grado Medio,Inst. de prod.de calor e inst. frigor. y climat.,IES ENRIQUE TIERNO GALVAN,13.39,,
Grado Medio,Inst. de prod.de calor e inst. frigor. y climat.,IES LAS CANTERAS,12.11,,
Grado Medio,Inst. de prod.de calor e inst. frigor. y climat.,IES PRADO DE SANTO DOMINGO,14.63,,
Grado Medio,Inst. de prod.de calor e inst. frigor. y climat.,IES SAN FERNANDO,12.0,,
Grado Medio,Inst. de prod.de calor e inst. frigor. y climat.,IES VICTORIA KENT,13.44,,
Grado Medio,Inst. de prod.de calor e inst. frigor. y climat.,IES VIRGEN DE LA PALOMA,11.7,,
Grado Medio,Instalaciones de telecomunicaciones,CPR FPE ARZOBISPO MORCILLO,7.25,,
Grado Medio,Instalaciones de telecomunicaciones,CPR INF-PRI-SEC LOYOLA,10.29,,
Grado Medio,Instalaciones de telecomunicaciones,CPR PRI-SEC GSD INTERNATIONAL SCHOOL BUITRAGO,14.32,,
Grado Medio,Instalaciones de telecomunicaciones,IES ANTONIO MACHADO,12.83,,
Grado Medio,Instalaciones de telecomunicaciones,IES BARAJAS,12.15,,
Grado Medio,Instalaciones de telecomunicaciones,IES BENJAMIN RUA,14.05,,
Grado Medio,Instalaciones de telecomunicaciones,IES EL BURGO-IGNACIO ECHEVERRÍA,9.0,,
Grado Medio,Instalaciones de telecomunicaciones,IES ISAAC PERAL,14.0,,
Grado Medio,Instalaciones de telecomunicaciones,IES JULIO VERNE,12.0,,
Grado Medio,Instalaciones de telecomunicaciones,IES LAS CANTERAS,8.44,,
Grado Medio,Instalaciones de telecomunicaciones,IES PACIFICO,,,
Grado Medio,Instalaciones de telecomunicaciones,IES PRADO DE SANTO DOMINGO,10.5,,
Grado Medio,Instalaciones de telecomunicaciones,IES SALVADOR ALLENDE,15.21,,
Grado Medio,Instalaciones de telecomunicaciones,IES SAN BLAS,9.37,,
Grado Medio,Instalaciones de telecomunicaciones,IES SATAFI,14.58,,
Grado Medio,Instalaciones de telecomunicaciones,IES VIRGEN DE LA PAZ,7.0,,
Grado Medio,Instalaciones eléctricas y automáticas,CPR FPE ARZOBISPO MORCILLO,15.6,,
Grado Medio,Instalaciones eléctricas y automáticas,CPR INF-PRI-SEC LOYOLA,17.32,,
Grado Medio,Instalaciones eléctricas y automáticas,IES ALONSO DE AVELLANEDA,15.84,,
Grado Medio,Instalaciones eléctricas y automáticas,IES ANGEL CORELLA,14.2,,
Grado Medio,Instalaciones eléctricas y automáticas,IES BARAJAS,14.84,,
Grado Medio,Instalaciones eléctricas y automáticas,IES FELIPE TRIGO,13.81,,
Grado Medio,Instalaciones eléctricas y automáticas,IES FELIPE TRIGO,15.21,,
Grado Medio,Instalaciones eléctricas y automáticas,IES JOAN MIRO,15.58,,
Grado Medio,Instalaciones eléctricas y automáticas,IES JULIO VERNE,16.0,,
Grado Medio,Instalaciones eléctricas y automáticas,IES LA POVEDA,15.95,,
Grado Medio,Instalaciones eléctricas y automáticas,IES LAS CANTERAS,15.56,,
Grado Medio,Instalaciones eléctricas y automáticas,IES MIGUEL CATALÁN,16.0,,
Grado Medio,Instalaciones eléctricas y automáticas,IES NARCIS MONTURIOL,12.22,,
Grado Medio,Instalaciones eléctricas y automáticas,IES PACIFICO,15.0,,
Grado Medio,Instalaciones eléctricas y automáticas,IES PEDRO DE TOLOSA,10.7,,
Grado Medio,Instalaciones eléctricas y automáticas,IES PRADO DE SANTO DOMINGO,10.27,,
Grado Medio,Instalaciones eléctricas y automáticas,IES SALVADOR ALLENDE,15.53,,
Grado Medio,Instalaciones eléctricas y automáticas,IES SATAFI,15.84,,
Grado Medio,Instalación y amueblamiento,IES JOSE LUIS LOPEZ ARANGUREN,15.53,,
Grado Medio,Instalación y amueblamiento,IES RENACIMIENTO,11.45,,
Grado Medio,Instalación y amueblamiento,IES VIRGEN DE LA PALOMA,12.25,,
Grado Medio,Joyería,CPR INF-PRI-SEC LOYOLA,15.12,,
Grado Medio,Joyería,IES ALARNES,15.0,,
Grado Medio,Joyería,IES ANTONIO MACHADO,15.16,,
Grado Medio,Joyería,IES BARAJAS,12.33,,
Grado Medio,Joyería,IES MIGUEL CATALÁN,15.0,,
Grado Medio,Leganés,"10,86 12,77 7",,,
Grado Medio,Leganés,"13,15 15",,,
Grado Medio,Leganés,"13,91 15,17 16,69",,,
Grado Medio,Leganés,"7,74",,,
Grado Medio,Madrid,"10,47 9 14,17",,,
Grado Medio,Madrid,"11,25",,,
Grado Medio,Madrid,"12,07 15,71",,,
Grado Medio,Madrid,"15,11 9,37 16,76",,,
Grado Medio,Madrid,"15,17 15,68 14,29",,,
Grado Medio,Madrid,"15,26 15,63 10",,,
Grado Medio,Madrid,"16,17",,,
Grado Medio,Madrid,"16,67 9",,,
Grado Medio,Madrid,"7 12,33 8",,,
Grado Medio,Madrid,"7,38 9,06",,,
Grado Medio,Madrid,"8,5 15,4 7",,,
Grado Medio,Majadahonda,"15 13,13",,,
Grado Medio,Majadahonda,"15,36 15,26 17,7",,,
Grado Medio,Mantenimiento de material rodante ferroviario,CP IFP PROFESOR RAUL VAZQUEZ,15.78,,
Grado Medio,Mantenimiento electromecánico,CPR INF-PRI-SEC LOYOLA,16.58,,
Grado Medio,Mantenimiento electromecánico,CPR INF-PRI-SEC SALESIANOS ATOCHA,15.58,,
Grado Medio,Mantenimiento electromecánico,IES ANTONIO MACHADO,15.78,,
Grado Medio,Mantenimiento electromecánico,IES CARMEN MARTIN GAITE,14.84,,
Grado Medio,Mantenimiento electromecánico,IES JOAN MIRO,15.37,,
Grado Medio,Mantenimiento electromecánico,IES VIRGEN DE LA PALOMA,13.0,,
Grado Medio,Mecanizado,CPR PRI-SEC GSD INTERNATIONAL SCHOOL BUITRAGO,8.05,,
Grado Medio,Mecanizado,IES VIRGEN DE LA PALOMA,14.53,,
Grado Medio,Mejorada del Campo,"14,53 8,7",,,
Grado Medio,Mejorada del Campo,"15,53 15,51 14,5",,,
Grado Medio,Montaje estruct. e instalación de sist. aeronáuticos,CP IFP PROFESOR RAUL VAZQUEZ,15.47,,
Grado Medio,Montaje estruct. e instalación sist. aeronáuticos,CP IFP PROFESOR RAUL VAZQUEZ,16.11,,
Grado Medio,Moralzarzal,"12 15,4 7",,,
Grado Medio,Moralzarzal,"15,53 16,92",,,
Grado Medio,Móstoles,"11,21 15,66 12,7",,,
Grado Medio,Móstoles,"12,48 13",,,
Grado Medio,Móstoles,"13,65 10,4 18,46",,,
Grado Medio,Móstoles,"13,67 10,25 14,77",,,
Grado Medio,Móstoles,"14,58 13,33 10,12",,,
Grado Medio,Móstoles,"16,53 15,73 13,2",,,
Grado Medio,Móstoles,"6,91 14,25",,,
Grado Medio,Móstoles,7 12,,,
Grado Medio,"Obras de Interior, Decoración y Rehabilitación",IES ANTONIO MACHADO,15.79,,
Grado Medio,"Obras de Interior, Decoración y Rehabilitación",IES VIRGEN DE LA PALOMA,15.4,,
Grado Medio,Operaciones de laboratorio,IES LOPE DE VEGA,14.81,,
Grado Medio,Operaciones de laboratorio,IES LUIS BUÑUEL,15.47,,
Grado Medio,Operaciones de laboratorio,IES MONTSERRAT CABALLE,9.9,,
Grado Medio,Operaciones de laboratorio,IES VICENTE ALEIXANDRE,13.4,,
Grado Medio,"Panadería, repostería y confitería",CP IFP ESCUELA DE HOSTELERIA Y TURISMO SIMONE ORTEGA,15.0,,
Grado Medio,"Panadería, repostería y confitería",CP IFP ESCUELA DE HOSTELERIA Y TURISMO SIMONE ORTEGA,10.0,,
Grado Medio,"Panadería, repostería y confitería",CPR INF-PRI-SEC LOPEZ VICUÑA,11.37,,
Grado Medio,"Panadería, repostería y confitería",CPR INF-PRI-SEC SANTA MARIA LA BLANCA,8.89,,
Grado Medio,"Panadería, repostería y confitería",IES ALPAJES,,,
Grado Medio,"Panadería, repostería y confitería",IES ALPAJES,9.84,,
Grado Medio,"Panadería, repostería y confitería",IES ESCUELA DE HOSTELERIA Y TURISMO,12.0,,
Grado Medio,"Panadería, repostería y confitería",IES HOTEL ESCUELA DE LA COMUNIDAD DE MADRID,12.0,,
Grado Medio,"Panadería, repostería y confitería",IES MARIA DE ZAYAS Y SOTOMAYOR,13.02,,
Grado Medio,Paracuellos de Jarama,"9 13,65",,,
Grado Medio,Parla,"12,98 17,19 8,27",,,
Grado Medio,Parla,"15,29 15,08",,,
Grado Medio,Parla,"15,37 12,2 16,33",,,
Grado Medio,Parla,"16,42 15,59",,,
Grado Medio,Parla,7 7,,,
Grado Medio,Peluquería y cosmética capilar,CPR FPE LA MILAGROSA,7.3,,
Grado Medio,Peluquería y cosmética capilar,CPR INF-PRI-SEC LOYOLA,,,
Grado Medio,Pinto,"15,37 12 12,82 10",,,
Grado Medio,Pinto,"15,47 16,27 11,5",,,
Grado Medio,Planta química,IES MATEO ALEMAN,13.9,,
Grado Medio,Postimpresión y acabados gráficos,IES ISLAS FILIPINAS,7.0,,
Grado Medio,Pozuelo de Alarcón,"10,07 14,43",,,
Grado Medio,Pozuelo de Alarcón,"12,56 11,4 14,33",,,
Grado Medio,Pozuelo de Alarcón,"12,86 15,67 12,93",,,
Grado Medio,Pozuelo de Alarcón,"13 16,04",,,
Grado Medio,Pozuelo de Alarcón,"13,17 17,18",,,
Grado Medio,Pozuelo de Alarcón,"15,24 15,68",,,
Grado Medio,Preimpresión digital,IES GUSTAVO ADOLFO BECQUER,8.89,,
Grado Medio,Preimpresión digital,IES ISIDRA DE GUZMAN,14.95,,
Grado Medio,Preimpresión digital,IES LUIS BUÑUEL,15.89,,
Grado Medio,Preimpresión digital,IES LUIS BUÑUEL,7.11,,
Grado Medio,Preimpresión digital,IES VIRGEN DE LA PALOMA,15.16,,
Grado Medio,Redes y estaciones de tratamiento de aguas,IES VIRGEN DE LA PALOMA,14.67,,
Grado Medio,Rivas-Vaciamadrid,"12,67 12",,,
Grado Medio,Rivas-Vaciamadrid,"15,33 16,14 14,5",,,
Grado Medio,Rivas-Vaciamadrid,"16 15,82 13,22",,,
Grado Medio,Rivas-Vaciamadrid,"16,2 16,12",,,
Grado Medio,Rivas-Vaciamadrid,"16,74 14 14",,,
Grado Medio,Rivas-Vaciamadrid,"7 15,84 7",,,
Grado Medio,"Rozas de Madrid, Las","14,9 12 12,5",,,
Grado Medio,San Agustín del Guadalix,"12,97",,,
Grado Medio,San Fernando de Henares,"14,92 12 16,14",,,
Grado Medio,San Fernando de Henares,"15,16 10,15 13",,,
Grado Medio,San Fernando de Henares,"15,63 16,01",,,
Grado Medio,San Fernando de Henares,"7,05 7",,,
Grado Medio,San Lorenzo de El Escorial,"12,2 11,67",,,
Grado Medio,San Martín de Valdeiglesias,"7 8,45 7",,,
Grado Medio,San Martín de la Vega,"12,52 8",,,
Grado Medio,San Sebastián de los Reyes,"11,8 15 12 10",,,
Grado Medio,San Sebastián de los Reyes,"15,63 15,07",,,
Grado Medio,San Sebastián de los Reyes,"15,67 10,01 17,25 7",,,
Grado Medio,Servicios en restauración,CP IFP ESCUELA DE HOSTELERIA Y TURISMO SIMONE ORTEGA,14.83,,
Grado Medio,Servicios en restauración,CP IFP ESCUELA DE HOSTELERIA Y TURISMO SIMONE ORTEGA,12.0,,
Grado Medio,Servicios en restauración,IES ALPAJES,9.0,,
Grado Medio,Servicios en restauración,IES ESCUELA DE HOSTELERIA Y TURISMO,12.0,,
Grado Medio,Servicios en restauración,IES ESCUELA DE HOSTELERIA Y TURISMO,,,
Grado Medio,Servicios en restauración,IES ESCUELA SUPERIOR DE HOSTELERIA Y TURISMO,14.1,,
Grado Medio,Servicios en restauración,IES ESCUELA SUPERIOR DE HOSTELERIA Y TURISMO,7.0,,
Grado Medio,Servicios en restauración,IES ESCUELA SUPERIOR DE HOSTELERIA Y TURISMO,10.6,,
Grado Medio,Servicios en restauración,IES MARIA DE ZAYAS Y SOTOMAYOR,7.0,,
Grado Medio,Sevilla la Nueva,"8,79 10,07",,,
Grado Medio,Sistemas microinformáticos y redes,IES ARQUITECTO VENTURA RODRIGUEZ,8.0,,
Grado Medio,Sistemas microinformáticos y redes,IES EL CAÑAVERAL,12.4,,
Grado Medio,Sistemas microinformáticos y redes,IES INFANTA ELENA,7.0,,
Grado Medio,Sistemas microinformáticos y redes,IES LUIS VIVES,14.67,,
Grado Medio,Sistemas microinformáticos y redes,IES ROSA CHACEL,12.47,,
Grado Medio,Soldadura y Calderería,IES ANTONIO MACHADO,15.53,,
Grado Medio,Soldadura y Calderería,IES BARAJAS,14.0,,
Grado Medio,Soldadura y Calderería,IES JOAN MIRO,8.37,,
Grado Medio,Soto del Real,"13,09 15",,,
Grado Medio,Soto del Real,"13,5 16,02",,,
Grado Medio,Torrejón de Ardoz,"11,7 12",,,
Grado Medio,Torrejón de Ardoz,"15,53 14,19 13,44",,,
Grado Medio,Torrejón de Ardoz,"16,26 15,76 15,21",,,
Grado Medio,Torrelaguna,"12,38",,,
Grado Medio,Torrelaguna,"8,09 7 10",,,
Grado Medio,Torres de la Alameda,"10 16,71",,,
Grado Medio,Torres de la Alameda,"10,45",,,
Grado Medio,Tres Cantos,"12,5 16,61",,,
Grado Medio,Tres Cantos,7 7,,,
Grado Medio,Tres Cantos,"7 8,46",,,
Grado Medio,Valdemoro,"11,87 7,76",,,
Grado Medio,Valdemoro,"12 14,13 17,09",,,
Grado Medio,Valdemoro,"14,84 15,75 13,2",,,
Grado Medio,Valdemoro,"15,21 13,02",,,
Grado Medio,Valdemoro,"18 16,74 9",,,
Grado Medio,Video disc-jockey y sonido,CP IFP JOSE LUIS GARCI,16.12,,
Grado Medio,Video disc-jockey y sonido,CP IFP JOSE LUIS GARCI,14.05,,
Grado Medio,Video disc-jockey y sonido,CPR FPE LAS NAVES SALESIANOS ALCALA,15.16,,
Grado Medio,Video disc-jockey y sonido,CPR FPE LAS NAVES SALESIANOS ALCALA,,,
Grado Medio,Video disc-jockey y sonido,IES ANTONIO GAUDI,12.95,,
Grado Medio,Video disc-jockey y sonido,IES ANTONIO GAUDI,10.0,,
Grado Medio,Video disc-jockey y sonido,IES CARLOS MARIA RODRIGUEZ DE VALCARCEL,16.47,,
Grado Medio,Video disc-jockey y sonido,IES CARLOS MARIA RODRIGUEZ DE VALCARCEL,15.0,,
Grado Medio,Video disc-jockey y sonido,IES LA ARBOLEDA,15.41,,
Grado Medio,Video disc-jockey y sonido,IES LUIS BUÑUEL,15.74,,
Grado Medio,Video disc-jockey y sonido,IES SIGLO XXI,16.19,,
Grado Medio,Video disc-jockey y sonido,IES SIGLO XXI,15.32,,
Grado Medio,Villa del Prado,"10,67 9 8,79",,,
Grado Medio,Villanueva de la Cañada,"15,5 13,83 12",,,
Grado Medio,Villanueva del Pardillo,"14,68 12,12 13,25",,,
Grado Medio,Villarejo de Salvanés,"13 16,11",,,
Grado Medio,Villarejo de Salvanés,"15,82 7,25",,,
Grado Medio,Villaviciosa de Odón,"15,47 16,21 14",,,
Grado Superior,,"18,31 15,82 13,93",,,
Grado Superior,,"7 19,64 15,34 7",,,
Grado Superior,,IES BENJAMIN RUA,,10.16,12.1
Grado Superior,,IES JOAN MIRO,,8.7,13.0
Grado Superior,,IES MARIA DE ZAYAS Y SOTOMAYOR,,16.13,13.43
Grado Superior,,IES PIO BAROJA,,19.06,18.27
Grado Superior,,IES SAN BLAS,,7.0,15.46
Grado Superior,1º de C.F.G.S (Proyectos de Edificación y Proyectos de Obra Civil)(Intensivo DT) Diurno,IES ANTONIO MACHADO,,19.56,15.71
Grado Superior,Acondicionamiento físico,IES ANTONIO MACHADO,,19.0,17.93
Grado Superior,Acondicionamiento físico,IES CARLOS BOUSOÑO,,18.56,10.4
Grado Superior,Acondicionamiento físico,IES DUQUE DE RIVAS,,18.38,13.67
Grado Superior,Acondicionamiento físico,IES FELIPE TRIGO,,15.33,10.07
Grado Superior,Acondicionamiento físico,IES LA POVEDA,,11.83,13.83
Grado Superior,Acondicionamiento físico,IES LEON FELIPE,,18.8,16.91
Grado Superior,Acondicionamiento físico,IES LOS CASTILLOS,,19.56,19.57
Grado Superior,Acondicionamiento físico,IES LUIS BRAILLE,,18.75,15.72
Grado Superior,Acondicionamiento físico,IES PINTOR ANTONIO LOPEZ,,10.17,9.56
Grado Superior,Acondicionamiento físico,IES ROSA CHACEL,,14.36,12.67
Grado Superior,Acondicionamiento físico,IES SALVADOR DALI,,18.24,17.36
Grado Superior,Acondicionamiento físico,IES SAN AGUSTIN DE GUADALIX,,13.33,16.0
Grado Superior,Acondicionamiento físico,IES SAN JUAN DE LA CRUZ,,8.71,15.27
Grado Superior,Acondicionamiento físico,IES VIRGEN DE LA PALOMA,,18.76,8.09
Grado Superior,Acondicionamiento físico,IES VIRGEN DE LA PAZ,,10.0,15.83
Grado Superior,Administración de sistemas informáticos en red,IES ALONSO DE AVELLANEDA,,19.22,19.82
Grado Superior,Administración de sistemas informáticos en red,IES ALTO JARAMA,,7.51,17.43
Grado Superior,Administración de sistemas informáticos en red,IES CARMEN MARTIN GAITE,,7.0,14.0
Grado Superior,Administración de sistemas informáticos en red,IES CLARA DEL REY,,13.85,16.18
Grado Superior,Administración de sistemas informáticos en red,IES EUROPA,,18.71,19.27
Grado Superior,Administración de sistemas informáticos en red,IES GABRIEL GARCIA MARQUEZ,,18.56,18.08
Grado Superior,Administración de sistemas informáticos en red,IES GASPAR MELCHOR DE JOVELLANOS,,19.06,20.08
Grado Superior,Administración de sistemas informáticos en red,IES JOSE LUIS SAMPEDRO,,7.82,19.36
Grado Superior,Administración de sistemas informáticos en red,IES LA ARBOLEDA,,18.8,19.0
Grado Superior,Administración de sistemas informáticos en red,IES LAGUNA DE JOATZEL,,19.44,19.58
Grado Superior,Administración de sistemas informáticos en red,IES LAS ENCINAS,,12.5,18.55
Grado Superior,Administración de sistemas informáticos en red,IES LAZARO CARDENAS,,16.25,20.09
Grado Superior,Administración de sistemas informáticos en red,IES LOPE DE VEGA,,18.5,18.18
Grado Superior,Administración de sistemas informáticos en red,IES LUIS BRAILLE,,16.13,19.27
Grado Superior,Administración de sistemas informáticos en red,IES MARIA DE ZAYAS Y SOTOMAYOR,,16.17,12.65
Grado Superior,Administración de sistemas informáticos en red,IES NUESTRA SEÑORA DE LA VICTORIA DE LEPANTO,,8.96,17.55
Grado Superior,Administración de sistemas informáticos en red,IES VALLE INCLAN,,17.48,19.64
Grado Superior,Administración de sistemas informáticos en red,IES VIRGEN DE LA PAZ,,19.13,19.73
Grado Superior,Admón y finanzas y asistencia a la dirección,IES JOSEFINA ALDECOA,,16.5,14.25
Grado Superior,Admón y finanzas y asistencia a la dirección,IES LUIS BUÑUEL,,17.0,10.25
Grado Superior,"Agencias de viajes y gest.eventos y guía, inf. y",IES ALPAJES,,7.44,11.71
Grado Superior,"Agencias de viajes y gest.eventos y guía, inf. y",IES ESCUELA SUPERIOR DE HOSTELERIA Y TURISMO,,14.09,16.08
Grado Superior,Agencias de viajes y gestión de eventos,IES ANTONIO DOMINGUEZ ORTIZ,,9.55,
Grado Superior,Agencias de viajes y gestión de eventos,IES ESCUELA SUPERIOR DE HOSTELERIA Y TURISMO,,11.0,13.5
Grado Superior,Agencias de viajes y gestión de eventos,IES MARIA DE ZAYAS Y SOTOMAYOR,,7.5,13.71
Grado Superior,Agencias de viajes y gestión de eventos,IES TETUAN DE LAS VICTORIAS,,18.25,7.89
Grado Superior,Alcalá de Henares,"12 19,43 18,5",,,
Grado Superior,Alcalá de Henares,"14,94 13,14 11,08",,,
Grado Superior,Alcalá de Henares,"16,38 15,63 13,6 16,67",,,
Grado Superior,Alcalá de Henares,"17,94 20,46 16 18,42",,,
Grado Superior,Alcalá de Henares,"18 20,38 14,45 17,6",,,
Grado Superior,Alcalá de Henares,"20,31 19,54 15,52 17,5",,,
Grado Superior,Alcalá de Henares,7 17,,,
Grado Superior,Alcalá de Henares,"7,94 12,3 7",,,
Grado Superior,Alcobendas,"12,67 17,5 13,17",,,
Grado Superior,Alcobendas,"15,67 16,86 17,36",,,
Grado Superior,Alcobendas,"16,41 15,5 13,56",,,
Grado Superior,Alcobendas,"7 15,73 14,86",,,
Grado Superior,Alcorcón,10 19,,,
Grado Superior,Alcorcón,"12,88 19,69 7,4 19,25",,,
Grado Superior,Alcorcón,"17,63 18,82 16,71",,,
Grado Superior,Alcorcón,"19,31 19,69 14,36",,,
Grado Superior,Alcorcón,"7 13,91 12,78",,,
Grado Superior,Algete,"10 15,83 15,5",,,
Grado Superior,Anatomía patológica y citodiagnóstico,IES ANTONIO MACHADO,,21.25,16.1
Grado Superior,Anatomía patológica y citodiagnóstico,IES ANTONIO MACHADO,,21.13,15.14
Grado Superior,Anatomía patológica y citodiagnóstico,IES BENJAMIN RUA,,19.39,21.2
Grado Superior,Anatomía patológica y citodiagnóstico,IES HUMANEJOS,,20.44,20.27
Grado Superior,Anatomía patológica y citodiagnóstico,IES JUAN DE MAIRENA,,20.56,19.92
Grado Superior,Anatomía patológica y citodiagnóstico,IES LAS MUSAS,,14.3,19.9
Grado Superior,Anatomía patológica y citodiagnóstico,IES MORATALAZ,,13.55,20.71
Grado Superior,Anatomía patológica y citodiagnóstico,IES PRADO DE SANTO DOMINGO,,19.28,20.29
Grado Superior,Anatomía patológica y citodiagnóstico,IES SAN JUAN DE LA CRUZ,,20.38,18.14
Grado Superior,Anatomía patológica y citodiagnóstico,IES SIGLO XXI,,19.19,20.54
Grado Superior,"Animaciones 3D, juegos y entornos interactivos",IES ANTONIO GAUDI,,14.09,11.0
Grado Superior,"Animaciones 3D, juegos y entornos interactivos",IES CARLOS MARIA RODRIGUEZ DE VALCARCEL,,13.33,17.0
Grado Superior,"Animaciones 3D, juegos y entornos interactivos",IES CARLOS MARIA RODRIGUEZ DE VALCARCEL,,16.0,14.79
Grado Superior,"Animaciones 3D, juegos y entornos interactivos",IES LUIS BUÑUEL,,13.88,15.0
Grado Superior,Animación sociocultural y turística,IES ALARNES,,9.0,12.73
Grado Superior,Animación sociocultural y turística,IES CIUDAD ESCOLAR,,12.0,15.8
Grado Superior,Animación sociocultural y turística,IES FELIPE TRIGO,,12.08,16.42
Grado Superior,Animación sociocultural y turística,IES JULIO VERNE,,10.13,10.13
Grado Superior,Aranjuez,"12,43 19,18 7,3",,,
Grado Superior,Aranjuez,"18,22 15,73 14,38",,,
Grado Superior,Arganda del Rey,"16,12 18,82 14,08 10",,,
Grado Superior,Arganda del Rey,"18,81 20 12,76 16,86",,,
Grado Superior,Arganda del Rey,"9,12 15,82 16",,,
Grado Superior,Asesoría de imagen personal y corporativa,IES GASPAR MELCHOR DE JOVELLANOS,,7.0,13.58
Grado Superior,Asesoría de imagen personal y corporativa,IES LUIS BUÑUEL,,8.0,13.06
Grado Superior,Asesoría de imagen personal y corporativa,IES MATEO ALEMAN,,8.83,10.14
Grado Superior,Asesoría de imagen personal y corporativa,IES SANTA ENGRACIA,,16.25,16.71
Grado Superior,Asesoría de imagen personal y corporativa,IES SANTA ENGRACIA,,10.15,14.71
Grado Superior,Asesoría de imagen personal y corporativa,IES SANTA ENGRACIA,,7.0,15.0
Grado Superior,Asistencia a la dirección,IES ALARNES,,9.42,15.29
Grado Superior,Asistencia a la dirección,IES ALARNES,,18.38,20.45
Grado Superior,Asistencia a la dirección,IES ALONSO DE AVELLANEDA,,15.5,10.88
Grado Superior,Asistencia a la dirección,IES ALONSO DE AVELLANEDA,,17.63,19.18
Grado Superior,Asistencia a la dirección,IES DE GUADARRAMA,,15.5,18.56
Grado Superior,Asistencia a la dirección,IES JOAN MIRO,,7.0,10.0
Grado Superior,Asistencia a la dirección,IES JOSEFINA ALDECOA,,13.75,14.75
Grado Superior,Asistencia a la dirección,IES JUAN CARLOS I,,15.8,16.6
Grado Superior,Asistencia a la dirección,IES LAZARO CARDENAS,,18.56,18.73
Grado Superior,Asistencia a la dirección,IES LUIS BRAILLE,,13.67,18.91
Grado Superior,Asistencia a la dirección,IES LUIS VIVES,,7.0,13.38
Grado Superior,Asistencia a la dirección,IES LUIS VIVES,,17.67,20.09
Grado Superior,Asistencia a la dirección,IES MORATALAZ,,12.0,12.31
Grado Superior,Asistencia a la dirección,IES PABLO PICASSO,,14.31,16.33
Grado Superior,Asistencia a la dirección,IES SAN JUAN DE LA CRUZ,,16.61,19.45
Grado Superior,Automatización y robótica industrial,IES ANTONIO MACHADO,,12.0,13.83
Grado Superior,Automatización y robótica industrial,IES BARAJAS,,9.0,16.25
Grado Superior,Automatización y robótica industrial,IES ISAAC PERAL,,7.5,17.14
Grado Superior,Automatización y robótica industrial,IES JULIO VERNE,,18.0,18.92
Grado Superior,Automatización y robótica industrial,IES JULIO VERNE,,8.24,11.2
Grado Superior,Automatización y robótica industrial,IES SATAFI,,8.14,11.43
Grado Superior,Automatización y robótica industrial,IES VIRGEN DE LA PALOMA,,12.76,19.5
Grado Superior,Automatización y robótica industrial,IES VIRGEN DE LA PAZ,,7.0,14.62
Grado Superior,Automoción,IES ALARNES,,14.56,14.36
Grado Superior,Automoción,IES BARAJAS,,10.96,16.0
Grado Superior,Automoción,IES FELIPE TRIGO,,11.69,16.56
Grado Superior,Automoción,IES FELIPE TRIGO,,17.31,19.64
Grado Superior,Automoción,IES GASPAR MELCHOR DE JOVELLANOS,,8.55,14.46
Grado Superior,Automoción,IES HUMANEJOS,,11.19,19.27
Grado Superior,Automoción,IES ISAAC PERAL,,10.06,19.2
Grado Superior,Automoción,IES LA POVEDA,,15.0,12.75
Grado Superior,Automoción,IES LAZARO CARDENAS,,15.72,18.9
Grado Superior,Automoción,IES LUIS VIVES,,7.02,12.36
Grado Superior,Automoción,IES LUIS VIVES,,16.75,20.36
Grado Superior,Automoción,IES LUIS VIVES,,13.88,18.82
Grado Superior,Automoción,IES MATEO ALEMAN,,7.0,9.0
Grado Superior,Automoción,IES SAN FERNANDO,,16.0,18.8
Grado Superior,Automoción,IES VIRGEN DE LA PAZ,,10.0,18.64
Grado Superior,Caracterización y maquillaje profesional,CP IFP BARRIO DE BILBAO,,17.89,19.79
Grado Superior,Caracterización y maquillaje profesional,CP IFP BARRIO DE BILBAO,,8.58,15.71
Grado Superior,Caracterización y maquillaje profesional,IES LAS CANTERAS,,13.0,15.73
Grado Superior,Caracterización y maquillaje profesional,IES LAS CANTERAS,,10.0,13.4
Grado Superior,Caracterización y maquillaje profesional,IES LUIS BUÑUEL,,12.44,19.79
Grado Superior,Centrales eléctricas,IES FRANCISCO TOMAS Y VALIENTE,,10.0,10.69
Grado Superior,Ciempozuelos,"16,81 19,31 12,3 17,08",,,
Grado Superior,Ciempozuelos,7 10 12,,,
Grado Superior,Collado Villalba,"12,53 12,7",,,
Grado Superior,Collado Villalba,"12,71 13,36 17,27",,,
Grado Superior,Collado Villalba,"15,47 16,93 15,1 16,54",,,
Grado Superior,Colmenar Viejo,"12 13,2 12",,,
Grado Superior,Colmenar Viejo,"7 12,82 9",,,
Grado Superior,Colmenarejo,"13,81 17 13,5",,,
Grado Superior,Comercio Internacional,IES CIUDAD ESCOLAR,,12.83,19.67
Grado Superior,Comercio Internacional,IES EL LAGO,,7.96,14.36
Grado Superior,Comercio Internacional,IES GREGORIO MARAÑON,,9.11,17.91
Grado Superior,Comercio Internacional,IES LUIS BUÑUEL,,19.0,18.83
Grado Superior,Comercio Internacional,IES MARIA DE ZAYAS Y SOTOMAYOR,,7.0,14.55
Grado Superior,Comercio Internacional,IES PABLO NERUDA,,14.36,14.91
Grado Superior,Comercio Internacional,IES VALLE INCLAN,,10.0,12.86
Grado Superior,Comercio Internacional,IES VIRGEN DE LA PAZ,,18.61,16.82
Grado Superior,Comercio internacional,IES ALONSO DE AVELLANEDA,,18.56,16.45
Grado Superior,Comercio internacional,IES CLARA DEL REY,,18.94,17.45
Grado Superior,Construcciones Metálicas,IES ANTONIO MACHADO,,9.55,12.6
Grado Superior,Construcciones metálicas,IES JUAN DE LA CIERVA,,11.71,13.5
Grado Superior,Coslada,"14,28 15,64 14,55",,,
Grado Superior,Coslada,"16,88 16,25 16,56 14,21 10",,,
Grado Superior,Coslada,"19,44 15,93 17,4",,,
Grado Superior,Des. de apli. multiplataforma y Des. de apli. web,IES CLARA DEL REY,,19.31,20.09
Grado Superior,Des. de apli. multiplataforma y Des. de apli. web,IES CLARA DEL REY,,18.06,16.45
Grado Superior,Desarrollo de aplicaciones multiplataforma,IES ALONSO DE AVELLANEDA,,19.13,19.45
Grado Superior,Desarrollo de aplicaciones multiplataforma,IES ALONSO DE AVELLANEDA,,15.09,18.64
Grado Superior,Desarrollo de aplicaciones multiplataforma,IES ANGEL CORELLA,,8.82,13.0
Grado Superior,Desarrollo de aplicaciones multiplataforma,IES BARAJAS,,18.56,19.45
Grado Superior,Desarrollo de aplicaciones multiplataforma,IES CARMEN MARTIN GAITE,,16.31,19.36
Grado Superior,Desarrollo de aplicaciones multiplataforma,IES CLARA DEL REY,,19.44,19.64
Grado Superior,Desarrollo de aplicaciones multiplataforma,IES DOMENICO SCARLATTI,,12.84,18.71
Grado Superior,Desarrollo de aplicaciones multiplataforma,IES GASPAR MELCHOR DE JOVELLANOS,,20.25,19.27
Grado Superior,Desarrollo de aplicaciones multiplataforma,IES INFANTA ELENA,,15.69,17.0
Grado Superior,Desarrollo de aplicaciones multiplataforma,IES ISLAS FILIPINAS,,11.35,14.55
Grado Superior,Desarrollo de aplicaciones multiplataforma,IES LA ARBOLEDA,,12.94,19.0
Grado Superior,Desarrollo de aplicaciones multiplataforma,IES LAGUNA DE JOATZEL,,18.69,21.0
Grado Superior,Desarrollo de aplicaciones multiplataforma,IES LAS ENCINAS,,10.1,20.0
Grado Superior,Desarrollo de aplicaciones multiplataforma,IES LAZARO CARDENAS,,18.5,20.18
Grado Superior,Desarrollo de aplicaciones multiplataforma,IES LUIS BRAILLE,,16.41,19.18
Grado Superior,Desarrollo de aplicaciones multiplataforma,IES LUIS BRAILLE,,12.72,13.69
Grado Superior,Desarrollo de aplicaciones multiplataforma,IES LUIS VIVES,,19.56,17.91
Grado Superior,Desarrollo de aplicaciones multiplataforma,IES MATEMATICO PUIG ADAM,,16.42,12.8
Grado Superior,Desarrollo de aplicaciones multiplataforma,IES REY FERNANDO VI,,16.13,19.36
Grado Superior,Desarrollo de aplicaciones multiplataforma,IES SAN JUAN DE LA CRUZ,,14.88,14.55
Grado Superior,Desarrollo de aplicaciones multiplataforma,IES VIRGEN DE LA PAZ,,17.41,16.45
Grado Superior,Desarrollo de aplicaciones web,IES CLARA DEL REY,,11.27,14.42
Grado Superior,Desarrollo de aplicaciones web,IES CLARA DEL REY,,13.1,12.69
Grado Superior,Dir. de cocina y Dir. de servicios de restauración,IES ESCUELA SUPERIOR DE HOSTELERIA Y TURISMO,,8.66,20.62
Grado Superior,Dirección de cocina,IES ALPAJES,,7.31,16.45
Grado Superior,Dirección de cocina,IES ESCUELA SUPERIOR DE HOSTELERIA Y TURISMO,,13.7,20.36
Grado Superior,Dirección de cocina,IES ESCUELA SUPERIOR DE HOSTELERIA Y TURISMO,,15.0,19.14
Grado Superior,Dirección de cocina,IES MARIA DE ZAYAS Y SOTOMAYOR,,13.86,19.0
Grado Superior,Dirección de servicios de restauración,IES ALPAJES,,7.0,18.71
Grado Superior,Dirección de servicios de restauración,IES ESCUELA SUPERIOR DE HOSTELERIA Y TURISMO,,12.0,17.0
Grado Superior,Dirección de servicios de restauración,IES ESCUELA SUPERIOR DE HOSTELERIA Y TURISMO,,7.0,15.57
Grado Superior,Diseño en fabricación mecánica,IES LUIS VIVES,,10.37,14.62
Grado Superior,Diseño en fabricación mecánica,IES MIGUEL CATALÁN,,14.11,14.82
Grado Superior,Diseño en fabricación mecánica,IES VIRGEN DE LA PALOMA,,19.0,12.91
Grado Superior,Diseño y amueblamiento,IES LEON FELIPE,,9.66,12.67
Grado Superior,Diseño y amueblamiento,IES VIRGEN DE LA PALOMA,,13.84,12.4
Grado Superior,Diseño y edición de publicaciones impresas y multimedia,IES GUSTAVO ADOLFO BECQUER,,17.22,14.95
Grado Superior,Diseño y edición de publicaciones impresas y multimedia,IES ISLAS FILIPINAS,,19.25,16.45
Grado Superior,Diseño y edición de publicaciones impresas y multimedia,IES LUIS BUÑUEL,,18.76,16.91
Grado Superior,Diseño y edición de publicaciones impresas y multimedia,IES VIRGEN DE LA PALOMA,,8.66,12.8
Grado Superior,Diseño y edición publicaciones impresas y multimedia,IES LUIS BUÑUEL,,11.26,13.5
Grado Superior,Diseño y gestión de la producción gráfica,IES ISLAS FILIPINAS,,19.13,16.09
Grado Superior,Educación Infantil,CP IFP BARRIO DE BILBAO,,7.0,13.45
Grado Superior,Educación Infantil,IES ALARNES,,18.81,17.0
Grado Superior,Educación Infantil,IES JULIO VERNE,,18.38,15.92
Grado Superior,Educación Infantil,IES LUIS BUÑUEL,,18.25,15.29
Grado Superior,Educación Infantil,IES SAN BLAS,,8.46,12.18
Grado Superior,Educación Infantil,IES VIRGEN DE LA PAZ,,14.06,14.62
Grado Superior,Eficiencia energética y energía solar térmica,IES ANTONIO MACHADO,,7.0,12.91
Grado Superior,Eficiencia energética y energía solar térmica,IES JOAN MIRO,,,
Grado Superior,Eficiencia energética y energía solar térmica,IES LAS CANTERAS,,12.5,12.9
Grado Superior,Eficiencia energética y energía solar térmica,IES PRADO DE SANTO DOMINGO,,10.83,16.0
Grado Superior,Eficiencia energética y energía solar térmica,IES SAN BLAS,,12.0,12.0
Grado Superior,Eficiencia energética y energía solar térmica,IES SAN FERNANDO,,7.0,13.08
Grado Superior,Eficiencia energética y energía solar térmica,IES VICTORIA KENT,,12.0,17.09
Grado Superior,Electromedicina clínica,IES BENJAMIN RUA,,16.06,18.75
Grado Superior,Electromedicina clínica,IES MORATALAZ,,16.13,16.85
Grado Superior,Energías Renovables,IES BARAJAS,,7.0,13.2
Grado Superior,Energías Renovables,IES ISAAC PERAL,,12.0,13.85
Grado Superior,Energías Renovables,IES JOAN MIRO,,10.0,12.08
Grado Superior,Energías Renovables,IES LAS CANTERAS,,7.45,13.25
Grado Superior,Energías Renovables,IES LUIS VIVES,,12.6,13.09
Grado Superior,Energías Renovables,IES PEDRO DE TOLOSA,,10.59,7.0
Grado Superior,Energías Renovables,IES SAN BLAS,,12.95,13.42
Grado Superior,Energías Renovables,IES SATAFI,,7.61,15.0
Grado Superior,Energías Renovables,IES VICTORIA KENT,,12.0,15.85
Grado Superior,Enseñanza y animación sociodeportiva,IES ANGEL CORELLA,,15.76,13.53
Grado Superior,Enseñanza y animación sociodeportiva,IES ANTONIO MACHADO,,18.81,19.29
Grado Superior,Enseñanza y animación sociodeportiva,IES CARLOS BOUSOÑO,,11.38,16.73
Grado Superior,Enseñanza y animación sociodeportiva,IES DOMENICO SCARLATTI,,12.88,7.82
Grado Superior,Enseñanza y animación sociodeportiva,IES DUQUE DE RIVAS,,19.13,19.07
Grado Superior,Enseñanza y animación sociodeportiva,IES EL OLIVO,,18.94,15.82
Grado Superior,Enseñanza y animación sociodeportiva,IES FELIPE TRIGO,,19.12,19.0
Grado Superior,Enseñanza y animación sociodeportiva,IES FELIPE TRIGO,,11.38,15.27
Grado Superior,Enseñanza y animación sociodeportiva,IES GUSTAVO ADOLFO BECQUER,,12.0,18.14
Grado Superior,Enseñanza y animación sociodeportiva,IES INFANTA ELENA,,15.56,16.0
Grado Superior,Enseñanza y animación sociodeportiva,IES LAGUNA DE JOATZEL,,19.31,19.07
Grado Superior,Enseñanza y animación sociodeportiva,IES LAS CANTERAS,,15.56,19.5
Grado Superior,Enseñanza y animación sociodeportiva,IES LEON FELIPE,,17.19,20.21
Grado Superior,Enseñanza y animación sociodeportiva,IES LOS CASTILLOS,,18.69,19.43
Grado Superior,Enseñanza y animación sociodeportiva,IES LUIS BRAILLE,,18.94,18.93
Grado Superior,Enseñanza y animación sociodeportiva,IES ORTEGA Y GASSET,,,
Grado Superior,Enseñanza y animación sociodeportiva,IES PINTOR ANTONIO LOPEZ,,15.63,13.93
Grado Superior,Enseñanza y animación sociodeportiva,IES PIO BAROJA,,15.0,15.0
Grado Superior,Enseñanza y animación sociodeportiva,IES ROSA CHACEL,,10.47,19.57
Grado Superior,Enseñanza y animación sociodeportiva,IES SALVADOR DALI,,16.0,21.71
Grado Superior,Enseñanza y animación sociodeportiva,IES SAN JUAN DE LA CRUZ,,9.38,13.55
Grado Superior,Enseñanza y animación sociodeportiva,IES VIRGEN DE LA PALOMA,,19.19,19.71
Grado Superior,Enseñanza y animación sociodeportiva,IES VIRGEN DE LA PAZ,,,
Grado Superior,Enseñanza y animación sociodeportiva,IES VIRGEN DE LA PAZ,,10.0,16.27
Grado Superior,Estilismo y dirección de peluquería,CP IFP BARRIO DE BILBAO,,7.0,13.38
Grado Superior,Estilismo y dirección de peluquería,IES LUIS VIVES,,7.5,15.0
Grado Superior,Estilismo y dirección de peluquería,IES MATEO ALEMAN,,10.0,15.2
Grado Superior,Estilismo y dirección de peluquería,IES SANTA ENGRACIA,,8.86,13.0
Grado Superior,Estética integral y bienestar,IES GASPAR MELCHOR DE JOVELLANOS,,10.0,14.57
Grado Superior,Estética integral y bienestar,IES ICARO,,7.0,14.55
Grado Superior,Estética integral y bienestar,IES LA ARBOLEDA,,7.74,12.87
Grado Superior,Estética integral y bienestar,IES LAS CANTERAS,,7.69,13.29
Grado Superior,Estética integral y bienestar,IES LUIS BUÑUEL,,8.96,14.79
Grado Superior,Estética integral y bienestar,IES MATEO ALEMAN,,10.0,19.14
Grado Superior,Estética integral y bienestar,IES REY FERNANDO VI,,9.04,16.0
Grado Superior,Estética integral y bienestar,IES SANTA ENGRACIA,,14.17,18.71
Grado Superior,Estética integral y bienestar,IES SANTA ENGRACIA,,9.43,19.93
Grado Superior,Estética integral y bienestar,IES VALLECAS-MAGERIT,,7.0,14.43
Grado Superior,Fabr. de prod. farmacéuticos biotecnológicos y afines,IES MATEO ALEMAN,,15.0,16.86
Grado Superior,Fabr. de prod. farmacéuticos biotecnológicos y afines,IES MATEO ALEMAN,,16.5,15.46
Grado Superior,Formación para la movilidad segura y sostenible,IES ANTONIO MACHADO,,12.0,12.5
Grado Superior,Formación para la movilidad segura y sostenible,IES CIUDAD ESCOLAR,,12.59,10.8
Grado Superior,Formación para la movilidad segura y sostenible,IES FELIPE TRIGO,,15.0,14.82
Grado Superior,Fuenlabrada,"12 13,1 14,71",,,
Grado Superior,Fuenlabrada,"12,54 14,5 12,11 13,31",,,
Grado Superior,Fuenlabrada,"15,06 16,3 15,13",,,
Grado Superior,Fuenlabrada,"16,88 19 17,08 17,67",,,
Grado Superior,Fuenlabrada,"19 19,15 15,75 17,67",,,
Grado Superior,Fuenlabrada,"20,06 17,86 10 18",,,
Grado Superior,Galapagar,"11,56 12 10,25",,,
Grado Superior,Galapagar,"11,56 14,1 16,83",,,
Grado Superior,"Gest. de alojamientos turísticos y guía, inf. y",IES ESCUELA SUPERIOR DE HOSTELERIA Y TURISMO,,9.0,16.0
Grado Superior,Gestión de alojamientos turísticos,IES ESCUELA SUPERIOR DE HOSTELERIA Y TURISMO,,13.11,12.26
Grado Superior,Gestión de alojamientos turísticos,IES MARIA DE ZAYAS Y SOTOMAYOR,,7.5,18.54
Grado Superior,Gestión de ventas y espacios comerciales,IES ALONSO DE AVELLANEDA,,16.19,15.27
Grado Superior,Gestión de ventas y espacios comerciales,IES CLARA DEL REY,,8.37,13.47
Grado Superior,Gestión de ventas y espacios comerciales,IES EL LAGO,,13.79,11.67
Grado Superior,Gestión de ventas y espacios comerciales,IES ICARO,,10.0,12.71
Grado Superior,Gestión de ventas y espacios comerciales,IES JAIME FERRAN,,9.09,11.42
Grado Superior,Gestión de ventas y espacios comerciales,IES LUIS BUÑUEL,,8.83,12.73
Grado Superior,Gestión de ventas y espacios comerciales,IES PABLO NERUDA,,12.0,13.09
Grado Superior,Gestión de ventas y espacios comerciales,IES VIRGEN DE LA PAZ,,10.18,19.58
Grado Superior,Gestión del agua,IES VIRGEN DE LA PALOMA,,14.8,13.54
Grado Superior,Gestión forestal y del medio natural,IES EL ESCORIAL,,16.82,18.07
Grado Superior,Getafe,"15,31 21,08 15,6 18,31",,,
Grado Superior,Getafe,"19 19,09 16,86",,,
Grado Superior,Getafe,"19,63 20,38 12,4 16,79",,,
Grado Superior,Getafe,"7 12,25 15,06 14,78",,,
Grado Superior,Getafe,"7 15,64",,,
Grado Superior,"Guía, información y asistencias turísticas",IES ANTONIO DOMINGUEZ ORTIZ,,10.5,19.23
Grado Superior,"Guía, información y asistencias turísticas",IES ESCUELA SUPERIOR DE HOSTELERIA Y TURISMO,,10.0,21.91
Grado Superior,"Guía, información y asistencias turísticas",IES MARIA DE ZAYAS Y SOTOMAYOR,,10.0,8.4
Grado Superior,"Guía, información y asistencias turísticas",IES TETUAN DE LAS VICTORIAS,,7.0,16.0
Grado Superior,"Iluminación, captación y tratamiento de imagen",IES CARLOS MARIA RODRIGUEZ DE VALCARCEL,,16.06,18.4
Grado Superior,"Iluminación, captación y tratamiento de imagen",IES CARLOS MARIA RODRIGUEZ DE VALCARCEL,,10.67,8.64
Grado Superior,"Iluminación, captación y tratamiento de imagen",IES LUIS BUÑUEL,,12.65,16.89
Grado Superior,"Iluminación, captación y tratamiento de imagen",IES LUIS BUÑUEL,,8.4,13.1
Grado Superior,"Iluminación, captación y tratamiento de imagen",IES SIGLO XXI,,16.13,13.67
Grado Superior,Integración Social,CPR FPE SAN JUAN DE DIOS,,9.0,16.69
Grado Superior,Integración Social,IES ALARNES,,19.11,20.15
Grado Superior,Integración Social,IES ALARNES,,7.0,15.83
Grado Superior,Integración Social,IES ALONSO DE AVELLANEDA,,13.59,20.46
Grado Superior,Integración Social,IES ALONSO DE AVELLANEDA,,11.44,12.71
Grado Superior,Integración Social,IES FELIPE TRIGO,,18.5,16.38
Grado Superior,Integración Social,IES JAIME FERRAN,,18.56,14.0
Grado Superior,Integración Social,IES JULIO VERNE,,19.06,18.43
Grado Superior,Integración Social,IES JULIO VERNE,,12.71,15.69
Grado Superior,Integración Social,IES LUIS BRAILLE,,14.5,13.14
Grado Superior,Integración Social,IES SAN BLAS,,17.5,16.36
Grado Superior,Integración Social,IES SAN BLAS,,8.61,12.17
Grado Superior,Integración Social,IES VIRGEN DE LA PAZ,,17.5,14.45
Grado Superior,Integración Social,IES VIRGEN DE LA PAZ,,10.0,12.0
Grado Superior,Laboratorio de análisis y de control de calidad,IES JUAN DE MAIRENA,,19.38,14.4
Grado Superior,Laboratorio de análisis y de control de calidad,IES LOPE DE VEGA,,15.0,13.43
Grado Superior,Laboratorio de análisis y de control de calidad,IES MATEO ALEMAN,,14.5,15.0
Grado Superior,Laboratorio de análisis y de control de calidad,IES MATEO ALEMAN,,20.13,16.57
Grado Superior,Laboratorio de análisis y de control de calidad,IES MIGUEL CATALÁN,,10.31,14.0
Grado Superior,Laboratorio de análisis y de control de calidad,IES SAN FERNANDO,,18.38,12.55
Grado Superior,Laboratorio de análisis y de control de calidad,IES VICENTE ALEIXANDRE,,19.0,14.43
Grado Superior,Laboratorio de análisis y de control de calidad,IES VIRGEN DE LA PALOMA,,19.06,18.58
Grado Superior,Laboratorio de análisis y de control de calidad,IES VIRGEN DE LA PALOMA,,7.0,15.0
Grado Superior,Leganés,"15,44 12,67 13,93",,,
Grado Superior,Leganés,"16,38 19,58 16,55 14,8",,,
Grado Superior,Leganés,"16,5 14,92 15,67 10",,,
Grado Superior,Leganés,"19,13 19,18 15,64",,,
Grado Superior,Leganés,"19,25 19,07 16,92",,,
Grado Superior,Leganés,"20,25 19,15 15,7 17,86",,,
Grado Superior,Leganés,"8,47 16,08 15,81 12",,,
Grado Superior,Madrid,"12,76 14,6 14,21",,,
Grado Superior,Madrid,"13,24 18,77 17,16",,,
Grado Superior,Madrid,"14,67 17,14 15,71",,,
Grado Superior,Madrid,"14,9 13,09 15,29 10",,,
Grado Superior,Madrid,"15,17 17,45 12,29 15",,,
Grado Superior,Madrid,"15,65 16,59 17,07",,,
Grado Superior,Madrid,"15,75 19 17,5",,,
Grado Superior,Madrid,"16,15 18,75 12,1",,,
Grado Superior,Madrid,"16,28 16,62 16,92",,,
Grado Superior,Madrid,"16,59 17 16",,,
Grado Superior,Madrid,"17,35 18,46 17,17",,,
Grado Superior,Madrid,"17,61 19,08 8,83 14,42",,,
Grado Superior,Madrid,"18 10 14,82",,,
Grado Superior,Madrid,"18,67 19,92",,,
Grado Superior,Madrid,"18,75 15,38 16 17",,,
Grado Superior,Madrid,"18,75 16,27 9,19 18",,,
Grado Superior,Madrid,"19,19 19,86 7",,,
Grado Superior,Madrid,"19,38 19,29 7,2 16,33",,,
Grado Superior,Madrid,"20,13 16,71 16,63",,,
Grado Superior,Madrid,"7 12,63 12,31 14",,,
Grado Superior,Madrid,"7 13,77 17,71",,,
Grado Superior,Madrid,"7 19,45 7",,,
Grado Superior,Madrid,"7 20,27 17",,,
Grado Superior,Madrid,"7,05 15,21",,,
Grado Superior,Madrid,"8,22 13,18 11,21",,,
Grado Superior,Madrid,"8,59 17,73",,,
Grado Superior,Madrid,"8,91 12,86 12",,,
Grado Superior,Madrid,"9,5 13,27 14,3",,,
Grado Superior,Majadahonda,"12,59 13,27 13,49 14,57",,,
Grado Superior,Majadahonda,"18,56 13,7 16,01 14,86",,,
Grado Superior,Majadahonda,"7,88 12,83 15,77",,,
Grado Superior,Manten Aerom Aviones con Motor de Turbina,IES BARAJAS,,20.06,17.17
Grado Superior,Manten Aerom Aviones con Motor de Turbina,IES BARAJAS,,18.44,16.27
Grado Superior,Manten Sist Elect y aviónicos en Aeronaves,IES BARAJAS,,18.59,18.64
Grado Superior,Mantenimiento de instalaciones térmicas y de fluidos,IES ENRIQUE TIERNO GALVAN,,9.29,13.8
Grado Superior,Mantenimiento de instalaciones térmicas y de fluidos,IES VIRGEN DE LA PALOMA,,14.55,14.29
Grado Superior,Mantenimiento electrónico,IES ANTONIO MACHADO,,8.28,14.55
Grado Superior,Mantenimiento electrónico,IES PACIFICO,,8.75,16.73
Grado Superior,Mantenimiento electrónico,IES PRADO DE SANTO DOMINGO,,12.6,13.36
Grado Superior,Marketing y publicidad,IES ALONSO DE AVELLANEDA,,18.65,13.0
Grado Superior,Marketing y publicidad,IES EL LAGO,,18.88,15.55
Grado Superior,Marketing y publicidad,IES ENRIQUE TIERNO GALVAN,,7.0,10.77
Grado Superior,Marketing y publicidad,IES JOAN MIRO,,7.0,14.57
Grado Superior,Marketing y publicidad,IES JOAN MIRO,,19.31,19.42
Grado Superior,Marketing y publicidad,IES JOSE LUIS SAMPEDRO,,18.19,15.64
Grado Superior,Marketing y publicidad,IES LUIS BRAILLE,,18.5,13.0
Grado Superior,Marketing y publicidad,IES LUIS BUÑUEL,,16.5,14.45
Grado Superior,Marketing y publicidad,IES LUIS BUÑUEL,,17.44,19.75
Grado Superior,Marketing y publicidad,IES LUIS BUÑUEL,,18.69,13.27
Grado Superior,Marketing y publicidad,IES MARIA DE ZAYAS Y SOTOMAYOR,,15.17,11.64
Grado Superior,Marketing y publicidad,IES PABLO NERUDA,,18.56,19.5
Grado Superior,Marketing y publicidad,IES PALOMERAS VALLECAS,,13.36,18.91
Grado Superior,Marketing y publicidad,IES PIO BAROJA,,19.17,19.92
Grado Superior,Marketing y publicidad,IES REY FERNANDO VI,,10.0,9.82
Grado Superior,Mecatrónica industrial,IES JOAN MIRO,,15.88,18.9
Grado Superior,Mecatrónica industrial,IES LUIS VIVES,,15.94,15.93
Grado Superior,Mecatrónica industrial,IES MIGUEL CATALÁN,,16.0,14.5
Grado Superior,Mecatrónica industrial,IES MIGUEL CATALÁN,,10.18,13.55
Grado Superior,Mecatrónica industrial,IES MIGUEL CATALÁN,,12.0,12.13
Grado Superior,Mecatrónica industrial,IES VIRGEN DE LA PALOMA,,19.19,15.82
Grado Superior,Mecatrónica industrial,IES VIRGEN DE LA PALOMA,,9.65,12.27
Grado Superior,Mecatrónica industrial,IES VIRGEN DE LA PALOMA,,8.12,14.08
Grado Superior,Mediación comunicativa,IES ALONSO DE AVELLANEDA,,7.0,12.0
Grado Superior,Mediación comunicativa,IES FELIPE TRIGO,,10.61,13.29
Grado Superior,Mediación comunicativa,IES PIO BAROJA,,7.76,12.82
Grado Superior,Mediación comunicativa,IES PIO BAROJA,,,
Grado Superior,Mejorada del Campo,"18,56 16,29",,,
Grado Superior,Mejorada del Campo,"8,33 18,73 13,38",,,
Grado Superior,Mk y Public y Gestión de Ventas y Espac Comerciales,IES FRANCISCO DE QUEVEDO,,18.69,17.83
Grado Superior,Móstoles,"12 12,41",,,
Grado Superior,Móstoles,"13,2 19,64 12 15,18 10",,,
Grado Superior,Móstoles,"16,94 16,29 15,93",,,
Grado Superior,Móstoles,"19,19 19,29 12,2 17,46",,,
Grado Superior,Móstoles,"19,81 12,46 14,6 17,5",,,
Grado Superior,Móstoles,"21,38 20,92 16,84 18,92",,,
Grado Superior,Organización y Control de Obras de Construcción,IES ALARNES,,13.33,12.6
Grado Superior,Organización y Control de Obras de Construcción,IES ANTONIO MACHADO,,7.39,9.0
Grado Superior,Organización y Control de Obras de Construcción,IES VIRGEN DE LA PALOMA,,7.0,20.31
Grado Superior,Ortoprótesis y productos de apoyo,IES ANTONIO MACHADO,,19.13,18.71
Grado Superior,Ortoprótesis y productos de apoyo,IES ANTONIO MACHADO,,7.22,13.0
Grado Superior,Paisajismo y medio rural,CP IFP ESCUELA DE LA VID,,12.56,13.09
Grado Superior,Paisajismo y medio rural,CP IFP ESCUELA DE LA VID,,7.01,16.73
Grado Superior,Paisajismo y medio rural,IES EL ESCORIAL,,10.0,19.07
Grado Superior,Parla,"13,45 19 15 15,08 10",,,
Grado Superior,Parla,"16,53 13,18 13,1 15,54",,,
Grado Superior,Parla,"18,94 16,43 11,63 17",,,
Grado Superior,Parla,"7,65 14 16",,,
Grado Superior,Patronaje y moda,IES SANTA ENGRACIA,,13.2,16.14
Grado Superior,Patronaje y moda,IES SANTA ENGRACIA,,7.0,8.0
Grado Superior,Pinto,"19,11 19 10,4 19",,,
Grado Superior,Pozuelo de Alarcón,"10 13,5 16,09",,,
Grado Superior,Pozuelo de Alarcón,"12,71 18,18 12,47 14,25",,,
Grado Superior,Pozuelo de Alarcón,"15 19,46 13,61 17,93 5",,,
Grado Superior,Pozuelo de Alarcón,"18,82 18,71 12",,,
Grado Superior,Pozuelo de Alarcón,"19,94 18 14,93 17,93 9",,,
Grado Superior,Prevención de Riesgos Profesionales,IES ANTONIO MACHADO,,,
Grado Superior,Prevención de Riesgos Profesionales,IES ANTONIO MACHADO,,10.0,13.14
Grado Superior,Prevención de Riesgos Profesionales,IES BENJAMIN RUA,,15.75,12.31
Grado Superior,Prevención de Riesgos Profesionales,IES VIRGEN DE LA PALOMA,,8.42,12.0
Grado Superior,Procesos y calidad en la industria alimentaria,CP IFP ESCUELA DE LA VID,,15.86,7.0
Grado Superior,Procesos y calidad en la industria alimentaria,CP IFP ESCUELA DE LA VID,,10.0,11.92
Grado Superior,Producción de audiovisuales y espectáculos,IES CARLOS MARIA RODRIGUEZ DE VALCARCEL,,15.94,13.92
Grado Superior,Producción de audiovisuales y espectáculos,IES CARLOS MARIA RODRIGUEZ DE VALCARCEL,,8.08,12.64
Grado Superior,Producción de audiovisuales y espectáculos,IES CARLOS MARIA RODRIGUEZ DE VALCARCEL,,16.81,19.9
Grado Superior,Producción de audiovisuales y espectáculos,IES LUIS BUÑUEL,,14.47,12.73
Grado Superior,Producción de audiovisuales y espectáculos,IES LUIS BUÑUEL,,,
Grado Superior,Producción de audiovisuales y espectáculos,IES SIGLO XXI,,7.0,15.5
Grado Superior,Programación de la producción en fabricación mecánica,IES ALARNES,,7.92,15.5
Grado Superior,Programación de la producción en fabricación mecánica,IES ANTONIO MACHADO,,7.1,12.8
Grado Superior,Programación de la producción en fabricación mecánica,IES LUIS VIVES,,11.26,7.64
Grado Superior,Programación de la producción en fabricación mecánica,IES VIRGEN DE LA PALOMA,,7.0,16.83
Grado Superior,Promoción de igualdad de género,CP IFP BARRIO DE BILBAO,,7.98,14.93
Grado Superior,Promoción de igualdad de género,IES JOSE DE CHURRIGUERA,,9.61,16.2
Grado Superior,Proyectos de edificación,IES ALARNES,,19.0,12.45
Grado Superior,Proyectos de edificación,IES ISLAS FILIPINAS,,16.59,13.9
Grado Superior,Proyectos de edificación,IES VIRGEN DE LA PALOMA,,20.12,19.23
Grado Superior,Proyectos de obra civil,IES ISLAS FILIPINAS,,9.79,17.0
Grado Superior,Química industrial,IES PALOMERAS VALLECAS,,17.63,12.86
Grado Superior,Química industrial,IES PALOMERAS VALLECAS,,10.0,10.0
Grado Superior,Química y salud ambiental,IES BENJAMIN RUA,,14.25,14.83
Grado Superior,Química y salud ambiental,IES LOPE DE VEGA,,10.34,17.29
Grado Superior,Química y salud ambiental,IES SIGLO XXI,,12.67,13.57
Grado Superior,Química y salud ambiental,IES VIRGEN DE LA PALOMA,,9.46,12.0
Grado Superior,Realización de proyectos audiovisuales y espectáculos,IES CARLOS MARIA RODRIGUEZ DE VALCARCEL,,17.06,18.8
Grado Superior,Realización de proyectos audiovisuales y espectáculos,IES CARLOS MARIA RODRIGUEZ DE VALCARCEL,,13.67,12.9
Grado Superior,Realización de proyectos audiovisuales y espectáculos,IES LA ARBOLEDA,,17.0,15.7
Grado Superior,Realización de proyectos audiovisuales y espectáculos,IES LA ARBOLEDA,,11.75,15.36
Grado Superior,Realización de proyectos audiovisuales y espectáculos,IES LUIS BUÑUEL,,16.81,15.15
Grado Superior,Realización de proyectos audiovisuales y espectáculos,IES SIGLO XXI,,14.94,19.0
Grado Superior,Rivas-Vaciamadrid,"12,22 16,55 14,74",,,
Grado Superior,Rivas-Vaciamadrid,"8,64 13,63",,,
Grado Superior,Rivas-Vaciamadrid,"9,47 14,18 13,93",,,
Grado Superior,"Rozas de Madrid, Las","18,25 12,82 15 12",,,
Grado Superior,San Fernando de Henares,"10,46 14,35 12,3 13,58",,,
Grado Superior,San Fernando de Henares,"13,06 15,09 15,94 7",,,
Grado Superior,San Fernando de Henares,"13,4 16 15,97 14,83",,,
Grado Superior,San Fernando de Henares,"18,94 19,64 15 14,43",,,
Grado Superior,San Lorenzo de El Escorial,"13,17 18,29",,,
Grado Superior,San Martín de la Vega,"15,67 16,09",,,
Grado Superior,San Sebastián de los Reyes,"10,12 20 13,92",,,
Grado Superior,San Sebastián de los Reyes,"18,44 18,71 14,86",,,
Grado Superior,San Sebastián de los Reyes,"19,06 16,82 13,77",,,
Grado Superior,San Sebastián de los Reyes,"19,44 19,18 15,91 17,29",,,
Grado Superior,San Sebastián de los Reyes,"9,38 15,8 14,38",,,
Grado Superior,Sistemas de telecomunicaciones e informáticos,IES ANTONIO MACHADO,,7.99,12.7
Grado Superior,Sistemas de telecomunicaciones e informáticos,IES BENJAMIN RUA,,13.48,12.55
Grado Superior,Sistemas de telecomunicaciones e informáticos,IES EL BURGO-IGNACIO ECHEVERRÍA,,7.0,15.4
Grado Superior,Sistemas de telecomunicaciones e informáticos,IES ISAAC PERAL,,7.0,16.33
Grado Superior,Sistemas de telecomunicaciones e informáticos,IES PRADO DE SANTO DOMINGO,,8.03,17.33
Grado Superior,Sistemas de telecomunicaciones e informáticos,IES SALVADOR ALLENDE,,8.86,18.75
Grado Superior,Sistemas de telecomunicaciones e informáticos,IES SAN BLAS,,7.0,10.1
Grado Superior,Sistemas de telecomunicaciones e informáticos,IES SATAFI,,16.22,18.67
Grado Superior,Sistemas de telecomunicaciones e informáticos,IES SATAFI,,8.44,14.2
Grado Superior,Sistemas de telecomunicaciones e informáticos,IES VIRGEN DE LA PALOMA,,7.0,16.93
Grado Superior,Sistemas de telecomunicaciones e informáticos,IES VIRGEN DE LA PAZ,,8.92,19.83
Grado Superior,Sistemas electrotécnicos y automatizados,IES ALONSO DE AVELLANEDA,,15.63,19.0
Grado Superior,Sistemas electrotécnicos y automatizados,IES ANGEL CORELLA,,7.0,13.09
Grado Superior,Sistemas electrotécnicos y automatizados,IES BARAJAS,,17.3,16.92
Grado Superior,Sistemas electrotécnicos y automatizados,IES FELIPE TRIGO,,15.53,19.58
Grado Superior,Sistemas electrotécnicos y automatizados,IES FELIPE TRIGO,,7.59,15.5
Grado Superior,Sistemas electrotécnicos y automatizados,IES LAS CANTERAS,,7.0,16.64
Grado Superior,Sistemas electrotécnicos y automatizados,IES SATAFI,,16.9,18.9
Grado Superior,Sistemas electrotécnicos y automatizados,IES VIRGEN DE LA PALOMA,,13.94,17.5
Grado Superior,Sonido para audiovisuales y espectáculos,IES CARLOS MARIA RODRIGUEZ DE VALCARCEL,,15.19,16.18
Grado Superior,Termalismo y bienestar,CP IFP BARRIO DE BILBAO,,15.17,14.46
Grado Superior,Torrejón de Ardoz,"12 13,73 15,43",,,
Grado Superior,Torrejón de Ardoz,"19,25 19,36 17,15",,,
Grado Superior,Torrejón de Ardoz,"8,05 17,73 16,4 14,86",,,
Grado Superior,Transporte y logística,IES ALONSO DE AVELLANEDA,,16.11,14.29
Grado Superior,Transporte y logística,IES CLARA DEL REY,,9.0,13.57
Grado Superior,Transporte y logística,IES EL LAGO,,7.0,14.45
Grado Superior,Transporte y logística,IES JAIME FERRAN,,7.0,13.15
Grado Superior,Transporte y logística,IES LUIS BRAILLE,,16.72,17.45
Grado Superior,Transporte y logística,IES LUIS BUÑUEL,,16.82,14.0
Grado Superior,Transporte y logística,IES PABLO NERUDA,,12.13,12.91
Grado Superior,Transporte y logística,IES VIRGEN DE LA PAZ,,7.0,9.0
Grado Superior,Tres Cantos,"7 18,73 15,21",,,
Grado Superior,Tres Cantos,"9,62 18,45 15,09 14,57",,,
Grado Superior,Valdemorillo,"13,28 13,67 12",,,
Grado Superior,Valdemoro,"12 16,86 18,14",,,
Grado Superior,Valdemoro,"12,88 17,56 12,08",,,
Grado Superior,Valdemoro,"18 19,86 17,17",,,
Grado Superior,Vestuario a medida y de espectáculos,IES LEONARDO DA VINCI,,8.3,13.44
Grado Superior,Vestuario a medida y de espectáculos,IES SANTA ENGRACIA,,18.6,19.5
Grado Superior,Vitivinicultura,CP IFP ESCUELA DE LA VID,,7.0,8.78
Grado Superior,Óptica de Anteojería,IES VIRGEN DE LA PALOMA,,13.99,11.78
